{
    "results": [{
            "category": "...",
            "question": "...",
            "correct_answer": "...",
            "incorrect_answers": ["...", "...", "..."]
        },
        {
            "category": "...",
            "question": "...",
            "correct_answer": "...",
            "incorrect_answers": ["...", "...", "..."]
        },
        {
            "category": "...",
            "question": "...",
            "correct_answer": "...",
            "incorrect_answers": ["...", "...", "..."]
        }
    ]
}